{"input_dim": 7, "output_dim": 6, "sigma": 2.560385984813106, "x_mean": [-31.84758496869017, 12.353424708951211, 2001.084302452867, 7.649384121661751, -60.10662295984497, -4.117526727681002, -9643.575691416647], "x_std": [1.971103080743006, 8.016746774532008, 1.641688957399027, 1.8635752314747627, 1.913642956867898, 2.1188255292850564, 374.6025422447558], "y_mean": [31.84758496869017, -12.353424708951211, 46.915697547121944, -7.649384121661751, 60.10662295984497, 4.117526727681002], "y_std": [1.971103080743006, 8.016746774532008, 1.6416889573989049, 1.8635752314747627, 1.913642956867898, 2.1188255292850564], "Z_scaled": [[-0.07732473902500125, -0.9172579496101747, 1.1669065193495254, -0.8850644147896789, 0.5782807894614802, -0.8884512888393364, 2.729761750384817], [0.43000540000712417, -1.041996827876462, 0.5577777343302683, 1.2613474565650138, 0.5782807894614802, 0.9993870181446737, -0.6952016583304407], [-0.07732473902500125, -0.6677801930776, 1.1669065193495254, 0.18814152088766742, 0.05571726923369324, 0.05546786465266858, 1.7927686432460361], [0.43000540000712417, -0.9172579496101747, -1.2696086207275026, -0.3484614469510058, 0.5782807894614802, 1.471346594890676, -0.6818541781717686], [-0.07732473902500125, -1.2914745844090367, 0.5577777343302683, 0.18814152088766742, 0.05571726923369324, 0.9993870181446737, 1.1948015321375267], [-0.07732473902500125, 1.0785641026504231, 0.5577777343302683, -0.8850644147896789, 1.1008443096892673, -0.8884512888393364, -0.7352440988064569], [-0.07732473902500125, -1.2914745844090367, 0.5577777343302683, 0.18814152088766742, -0.9894097712218808, 0.9993870181446737, -0.7325746027747225], [0.9373355390392496, 1.2033029809167104, 1.1669065193495254, 0.7247444887263406, -0.46684625099409377, 0.9993870181446737, 2.5749309805442206], [-0.5846548780571267, -0.16882468001245052, 2.3851640893880393, -0.3484614469510058, 0.05571726923369324, -1.8323704423313416, -0.6658372019813621], [-0.5846548780571267, -0.29356355827873787, 0.5577777343302683, 0.18814152088766742, -0.9894097712218808, 0.05546786465266858, -0.6631677059496277], [0.43000540000712417, -0.7925190713438873, 1.7760353043687822, 2.33455339224236, -0.46684625099409377, -0.41649171209333397, 0.588825932933814], [1.9519958171035003, 1.0785641026504231, 1.7760353043687822, 0.18814152088766742, 0.05571726923369324, 1.471346594890676, 1.7874296511825674]], "W": [[-5.447706616335177, 3.9473789687331666, 4.89055438291695, 0.9720005043651488, 1.9276038497472772, 7.442244049580722], [2.5896558120926287, -1.4291267290939285, -2.3142380505424223, -4.745935750835969, -5.871339238064622, -1.9594983281968668], [5.869034730404575, -5.377058932875532, -9.36901577838222, 2.0607400651650543, -5.040711937106006, -6.34610015994025], [-1.5899818830087968, 1.5697791543527395, 4.6533230755119765, 0.8800336843896307, -0.3323694174779948, 1.2825463754214625], [3.3615857028707476, 4.9584535209093765, 3.935540767904895, -0.6339868329744082, 0.13626574869160168, -1.784880386486663], [-1.7341730100278274, -2.786491581440656, 0.003466770045023114, 1.6010829779986777, -1.485144466185737, 0.46348271579522776], [-6.612555113016718, 1.6133266888917253, -5.715968942255456, 5.325448560220443, 4.546766091896774, -1.8513506221749514], [2.1471795863738636, -2.742783780901248, 1.9274295053441675, -3.538645569441303, 2.227188176812174, -0.21941245091539543], [1.7159175609537676, 2.6396848105549724, -3.3871391311345715, 1.1245889926385728, -0.9470500228766453, 1.2661350904223294], [5.82329348160772, -2.4650267053414336, 4.994035591158503, -2.691820316547089, 2.869029985739855, 1.5583221926721886], [-6.370944489391957, 2.6452239030599385, 3.7924514512286644, -3.6502049139602626, 3.2896438398753305, 5.674973400732493], [-5.739896023622514, -0.2856846857788115, -2.968912832172644, 3.446464489704927, 0.1309649689662341, -1.9251072080579377]], "split_type": "temp_bin_round_int_every_k k=5", "test_ratio_approx": 0.2, "N_train": 159853, "N_limit": 200000, "M": 12, "lam_kernel": 0.001, "seed": 0}