{"kernel_model_path": "outputs_stream_test\\scheme_c_kernel_model_blend_stream_M12.json", "poly6_a2": [-6.806895959525566e-05, -0.00026432768341265965, 0.0001523402228679844, -7.934048467024732e-05, 4.866733995347567e-05, -0.000105412554125852], "poly6_a1": [-0.02179875581839689, 0.016272971467086745, -0.019767028638269624, -0.003535515049949921, 0.008769033343637971, -0.005346151383798015], "poly6_a0": [31.630827963129793, -11.88592678003783, 46.51150048658219, -7.618288301482222, 60.1731713250127, 4.1504239160798475], "raw_min": -9935.0, "raw_max": -8612.0, "t_min_c": -35.0, "t_max_c": 65.0, "T_start_c": 55.0, "margin_c": 3.0, "clip_low": [27.0, -25.0, 43.0, -12.0, 56.0, -1.0], "clip_high": [36.0, 0.0, 51.0, -3.0, 64.0, 9.0], "meta": {"split_type": "temp_bin_round_int_every_k k=5", "test_ratio_approx": 0.2, "N_train": 159853, "N_limit": 200000, "M": 12, "lam_kernel": 0.001, "poly_lam": 0.001, "seed": 0, "clip_p_low": 1.0, "clip_p_high": 99.0, "quantile_reservoir": 2000, "sigma_sample_size": 500}}