{"kernel_model_path": "outputs\\scheme_c_kernel_model_blend_M12.json", "poly6_a2": [0.0011529398111485316, 0.0021588177650232743, 0.00012556052422618827, 0.019862927294727526, -0.009723082624622672, 0.03432985150388063], "poly6_a1": [-0.09010394081562902, 0.20450990671571212, -0.12135907342293037, 0.8255645192103219, -0.37209181295664034, 1.4714838511413944], "poly6_a0": [27.767378712587035, -8.076661959227291, 42.89926088089217, -1.9302148182115446, 58.33515025884852, 15.495619542159591], "raw_min": -9935.0, "raw_max": 255.0, "t_min_c": -35.0, "t_max_c": 65.0, "T_start_c": 55.0, "margin_c": 3.0, "clip_low": [25.0, -25.0, 41.0, -12.0, 56.0, -1.0], "clip_high": [36.0, 2.0, 51.0, -4.0, 65.0, 9.0], "meta": {"N_used": 300000, "test_ratio": 0.2, "seed": 0, "M": 12, "lam_kernel": 0.001, "poly_lam": 0.001, "clip_p_low": 1.0, "clip_p_high": 99.0}}