{"input_dim": 7, "output_dim": 6, "M": 12, "sigma": 1.9526830561886712, "lam": 0.001, "x_mean": [-31.558666666666667, 12.203675, 2001.3635916666667, 7.752816666666667, -60.25929166666667, -4.079916666666667, -9406.877425], "x_std": [2.065252177231774, 7.966879344786891, 1.7374817312995927, 9.099152912928389, 3.8539602356874556, 33.720678942235025, 637.2630948376367], "y_mean": [31.558666666666667, -12.203675, 46.636408333333335, -7.752816666666667, 60.25929166666667, 4.079916666666667], "y_std": [2.065252177231774, 7.966879344786891, 1.7374817312995918, 9.099152912928389, 3.8539602356874556, 33.720678942235025], "Z_scaled": [[0.27050772434749054, -1.0297225105295533, 1.5173732683573746, -0.19263514784724683, -0.4516674347634594, 0.03202535359731666, 1.3650208713586809], [-1.66630175785411, 0.09995444458702302, -1.3603548308383075, -0.4124358281015957, -0.9706141487124286, 0.06168074700481723, -0.7942129068825968], [0.27050772434749054, -1.0297225105295533, -1.3603548308383075, -0.30253548797442126, -0.4516674347634594, 0.12099153381981838, -0.5368623693596538], [-1.18209938730371, -0.15108487877221619, -1.3603548308383075, -0.0827348077200724, -0.4516674347634594, -0.027285433217684486, -0.006469188367246928], [-1.66630175785411, -0.15108487877221619, -1.3603548308383075, -0.4124358281015957, 0.06727927918550983, -0.1459070068476868, -0.7769515903414238], [0.27050772434749054, -1.155242172209173, -0.7848092109991711, -0.19263514784724683, 0.5862259931344791, -0.027285433217684486, -0.780090011530728], [-1.18209938730371, 1.6061903847424581, -0.20926359116003465, 0.1370658725342765, 0.5862259931344791, 0.06168074700481723, -0.7706747479628154], [-0.21369464620290962, -1.4062814955684122, -0.20926359116003465, -0.19263514784724683, -0.711140791737944, -0.05694082662518506, -0.7879360645039885], [-0.6978970167533097, 0.727552752985121, 0.9418276485182382, 0.027165532407102042, -0.4516674347634594, -0.027285433217684486, 0.05943765660814091], [2.207317206549091, 1.1041117380239798, 0.9418276485182382, 0.027165532407102042, 0.06727927918550983, 0.09133614041231781, 1.0841321749159567], [1.2389124654482908, 0.8530724146647406, 1.5173732683573746, -0.0827348077200724, -0.19219407778897477, -0.08659622003268563, 1.8389224709436125], [0.27050772434749054, -1.0297225105295533, -0.20926359116003465, -0.0827348077200724, 0.06727927918550983, 0.09133614041231781, -0.8004897492612052]], "W": [[-0.34853427261004305, 3.0163518194741314, -0.22327494883865684, 0.23227268198265932, 0.014232595844428892, -0.013315245109321083], [-1.8799895155996686, -0.9367262784992317, -1.3832538078815846, 0.6584057000584679, 3.2031622687588133, -0.019622851460086497], [-2.5062303485408255, -0.3896231787784241, 3.3047268663439375, 0.5673301026357499, 3.2775626396602573, -0.04844148933285943], [1.4185133282306175, -1.2467196484189431, 4.022359954715435, -1.4005444841142567, -1.0453140883437644, 0.006148220223500615], [3.047397978555499, 2.2080270749251145, -0.4816461867316194, 0.5612030160932955, -1.9496053297983715, 0.0011001368202001693], [1.7842911115033278, 2.917670028603692, -0.7092403147764077, 0.5593465175084248, -5.053441405939896, 0.0979452280492227], [-0.9527730995348217, -1.7354754576648177, 0.19997166969608704, -0.23813646605059188, -0.6620554434144602, 0.021765273913476987], [2.178509700069012, 2.766785590026909, -2.5531660465891424, -0.0042104509880852275, 0.7570630575938231, 0.04776044846149557], [2.241259413677952, -0.4793795433946616, -1.3580602263192754, 0.5293531048764261, 0.33339389635812927, -0.0014790564142319303], [-2.794417433932262, 0.6156414176098609, 1.1738279111359091, 0.20995048731998986, -0.36709127258012425, 0.00291417489876447], [0.3507278786919549, -2.6440051498493267, -2.181688700621193, -0.44615619522473643, 0.379795952871269, -0.008147607943492828], [-3.4993007349424503, -3.752203684708259, -0.23928953998463837, -0.9675664724488028, 1.5122046556108584, -0.08631943506459482]], "note": "Predict y=delta6 (ideal6-raw6). MCU: x_scaled=(x-x_mean)/x_std; phi=RBF(x_scaled,Z_scaled); y_scaled=phi@W; y=y_scaled*y_std+y_mean; raw6_corrected=raw6+y."}