{"input_dim": 7, "output_dim": 6, "sigma": 1.9766483244580157, "x_mean": [-30.93798956156926, 11.652114739497057, 2001.9125011445649, 7.91096950879442, -60.44645934089717, -4.0214012802477255, -8965.590662016266], "x_std": [2.381189189947674, 8.050742296622921, 2.0254775473841398, 9.10012693910821, 3.8863040815144942, 33.703962882849325, 1062.0746353371142], "y_mean": [30.93798956156926, -11.652114739497057, 46.08749885543523, -7.91096950879442, 60.44645934089717, 4.0214012802477255], "y_std": [2.381189189947674, 8.050742296622921, 2.025477547384136, 9.10012693910821, 3.8863040815144942, 33.703962882849325], "Z_scaled": [[0.39391643701770396, 0.7884844684651895, 0.5369098545869323, 0.009783433989581815, -0.14243369728472563, 0.05997518117598985, 1.3818149998003073], [-0.8659582561249792, -1.0746977633511379, -0.45051160687678843, 0.22956058802079748, -0.6570614665097728, 0.08964528268529523, -0.9005104784186464], [-0.8659582561249792, -0.8262734657756275, -2.42535452980423, -0.20999372004163383, -0.14243369728472563, -0.08837532637053701, -0.4061949354875611], [-1.7058747182201013, -0.8262734657756275, -1.4379330683405092, -0.10010514302602601, 0.6295079565528451, -0.058705224861231635, 0.17850973529377978], [0.39391643701770396, -0.9504856145633827, 0.04319912385507195, 0.11967201100518965, -0.14243369728472563, 0.0006349781573791068, -0.8722638759654415], [-0.026041794029857103, 1.4095452124039654, -0.9442223376086488, 0.11967201100518965, 0.6295079565528451, 0.0006349781573791068, -0.8797963032862961], [-0.44600002507741815, -1.323122060926648, 0.5369098545869323, 0.22956058802079748, -0.3997475818972492, 0.0006349781573791068, -0.8835625169467235], [-0.8659582561249792, 1.4095452124039654, 1.524331316050653, 0.22956058802079748, -0.14243369728472563, 0.03030507966668448, -0.8995689250035396], [0.39391643701770396, 1.161120914828455, 1.0306205853187926, -0.10010514302602601, -0.6570614665097728, 0.05997518117598985, 0.22935361970954854], [1.6537911301603871, -0.20521272183685174, 0.5369098545869323, 0.11967201100518965, 0.6295079565528451, -0.08837532637053701, 1.153017519929348], [2.0737493612079483, -1.323122060926648, 1.0306205853187926, 0.22956058802079748, -0.9143753511222964, -0.029035123351926265, 1.7358390838804751], [-1.7058747182201013, 0.043211575738658574, -1.4379330683405092, -0.10010514302602601, -0.6570614665097728, 0.0006349781573791068, -0.8892118374373644]], "W": [[3.3612196268083823, -0.040605034241324986, 1.2867789079747312, -0.1850773965070928, 0.8599145499129289, -0.022300135854602884], [-4.721406112036555, -0.3667892200593504, -0.2806690668814391, -1.2068401910627304, 2.7241062931049465, -0.09181285554581434], [-0.47573734449869975, 1.1153998322211314, 1.728844619216602, 0.0680706377647897, -0.49510974986494427, 0.02928528496673045], [1.6095493600815474, 1.1332883482078266, -0.2706010154941919, 0.14657503172924408, -2.463405171484636, -0.0030976059573201396], [-0.08191649503197149, 1.039634679896723, 3.0529555678883855, 0.37064034009755586, 1.353910300497673, -0.03153596242776325], [-1.059766685474937, -1.3027994901647233, 0.8108681058674883, -0.19733610566440743, -1.1082408912039043, 0.02041010760648687], [3.8524632856843506, 1.5326162648848973, -3.021774139504295, 0.5175000132968629, -2.4799784864757037, 0.09520363578768665], [1.7325403496191254, 0.21826287301702427, -1.2523560768946655, -0.1675852353402209, -1.5930744716366807, -0.00022547978437005103], [-3.0633664720708715, -1.84906566046074, -1.5588449670319606, 0.35218220653272014, 2.2655616211516114, -0.011498908557644754], [-2.9180631362585454, -0.7684662150619279, -1.2408399635291434, -0.20015351556593589, -3.595996044784094, 0.024964673593203607], [-0.9378122225289288, 1.8919413630822155, -0.829647850839625, -0.07425477436849517, 2.364300691344533, -0.021144555580375573], [3.126471660178403, -1.5824698150929293, 0.8179252425378236, 0.5945951389929248, 1.6486812623015616, 0.023406320339959572]], "M": 12, "lam": 0.001, "train_split_type": "temp_bin_stratified_round_int", "test_ratio": 0.2, "seed": 0, "N_used": 300000}