{"input_dim": 7, "output_dim": 6, "M": 12, "sigma": 1.978606926273076, "lam": 0.001, "x_mean": [-30.93798956156926, 11.652114739497057, 2001.9125011445649, 7.91096950879442, -60.44645934089717, -4.0214012802477255, -8965.590662016266], "x_std": [2.381189189947674, 8.050742296622921, 2.0254775473841398, 9.10012693910821, 3.8863040815144942, 33.703962882849325, 1062.0746353371142], "y_mean": [30.93798956156926, -11.652114739497057, 46.08749885543523, -7.91096950879442, 60.44645934089717, 4.0214012802477255], "y_std": [2.381189189947674, 8.050742296622921, 2.025477547384136, 9.10012693910821, 3.8863040815144942, 33.703962882849325], "Z_scaled": [[0.39391643701770396, 0.7884844684651895, 0.5369098545869323, 0.009783433989581815, -0.14243369728472563, 0.05997518117598985, 1.3818149998003073], [-0.8659582561249792, -1.0746977633511379, -0.45051160687678843, 0.22956058802079748, -0.6570614665097728, 0.08964528268529523, -0.9005104784186464], [-0.8659582561249792, -0.8262734657756275, -2.42535452980423, -0.20999372004163383, -0.14243369728472563, -0.08837532637053701, -0.4061949354875611], [-1.7058747182201013, -0.8262734657756275, -1.4379330683405092, -0.10010514302602601, 0.6295079565528451, -0.058705224861231635, 0.17850973529377978], [0.39391643701770396, -0.9504856145633827, 0.04319912385507195, 0.11967201100518965, -0.14243369728472563, 0.0006349781573791068, -0.8722638759654415], [-0.026041794029857103, 1.4095452124039654, -0.9442223376086488, 0.11967201100518965, 0.6295079565528451, 0.0006349781573791068, -0.8797963032862961], [-0.44600002507741815, -1.323122060926648, 0.5369098545869323, 0.22956058802079748, -0.3997475818972492, 0.0006349781573791068, -0.8835625169467235], [-0.8659582561249792, 1.4095452124039654, 1.524331316050653, 0.22956058802079748, -0.14243369728472563, 0.03030507966668448, -0.8995689250035396], [0.39391643701770396, 1.161120914828455, 1.0306205853187926, -0.10010514302602601, -0.6570614665097728, 0.05997518117598985, 0.22935361970954854], [1.6537911301603871, -0.20521272183685174, 0.5369098545869323, 0.11967201100518965, 0.6295079565528451, -0.08837532637053701, 1.153017519929348], [2.0737493612079483, -1.323122060926648, 1.0306205853187926, 0.22956058802079748, -0.9143753511222964, -0.029035123351926265, 1.7358390838804751], [-1.7058747182201013, 0.043211575738658574, -1.4379330683405092, -0.10010514302602601, -0.6570614665097728, 0.0006349781573791068, -0.8892118374373644]], "W": [[3.366470531678353, -0.04006896569167476, 1.2920125016632873, -0.18528125478542204, 0.862278564415017, -0.022343591390509402], [-4.729325327947546, -0.366395904963822, -0.27674952802439956, -1.2122852417714338, 2.7297375691166184, -0.09216070003116386], [-0.4757369244000348, 1.1159826248486042, 1.7255814830383247, 0.06821754421923658, -0.4974831370077486, 0.02939824933578656], [1.6095066975270425, 1.1330971623926016, -0.26990438384816684, 0.14715682585805837, -2.462630287033768, -0.0031691149787647374], [-0.07857618131543628, 1.0400838940467232, 3.0618924921931336, 0.3726362506260667, 1.3584585987899618, -0.031659712330785066], [-1.061650833733749, -1.302957298828347, 0.8101737240107386, -0.1982892566890854, -1.1090154872411795, 0.0204297261228098], [3.855703629560175, 1.5335631368972344, -3.032265655731675, 0.5195016077937101, -2.487246382827086, 0.0955654401405617], [1.7323892816002586, 0.2196899883911654, -1.2528925775542894, -0.16835819241588154, -1.5940619058707326, -0.0002587933640162021], [-3.0665534237351215, -1.8517391576444218, -1.5615454179293262, 0.3533160553168368, 2.2670551006236686, -0.0114791421877284], [-2.9212981079277696, -0.7692207448569336, -1.245236472692658, -0.2008177440645232, -3.6008977661736514, 0.02502069319329466], [-0.93729803644252, 1.891951218754639, -0.8276718300569088, -0.0744530886034734, 2.3655506701557814, -0.021167378982096318], [3.1294539189614814, -1.583971208114665, 0.818387671615995, 0.596934160466322, 1.648631748063999, 0.023510649399981688]], "note": "Predict y=delta6 (ideal6-raw6). MCU: x_scaled=(x-x_mean)/x_std; phi=RBF(x_scaled,Z_scaled); y_scaled=phi@W; y=y_scaled*y_std+y_mean; raw6_corrected=raw6+y."}