{"blend_model_path": "outputs\\scheme_c_blend_model.json", "split_type": "temp_bin_stratified_round_int", "N_used": 300000, "test_ratio": 0.2, "seed": 0, "eps": 5.0, "metrics_corrected_lsb": {"mae_per_dim": [0.3677258548784309, 1.2163160736039487, 0.49029120969196854, 1.4498341319425996, 0.5206788861420477, 1.6446813123805086], "rmse_per_dim": [0.5253578701045141, 1.655914296867987, 0.7326008208465717, 1.8249459083398423, 0.6806747181081503, 2.3131519917906767]}, "coverage_per_dim": [1.0, 0.9840961596410754, 0.9996149596544681, 0.9940402450865504, 0.999949777346235, 0.9853015033314361], "N_test": 59734, "note": "delta6_pred = (1-w)*delta_kernel + w*delta_poly, then per-dim clip"}