{
  "model_path": "outputs_pinn/dde_ckpt-3150.pt",
  "split_type": "split_meta test=5.txt",
  "test_data_path": "/path/to/IMU_data/5.txt",
  "N_used": -1,
  "N_test": 6823700,
  "eps": 5.0,
  "bad_x": 5.0,
  "sensor_scales": {
    "acc": 2048.0,
    "gyro": 16.0
  },
  "delta_lsb": {
    "axis_labels": [
      "ax",
      "ay",
      "az",
      "gx",
      "gy",
      "gz"
    ],
    "rmse_per_dim": [
      22.12955886994104,
      19.618184661439653,
      19.4928582935278,
      27.10642370838386,
      36.566941986448434,
      42.45052401256015
    ],
    "bad_per_dim": [
      0.9999683456189458,
      0.558137667247974,
      0.29926183741958173,
      0.07233993288098832,
      0.6531913771121239,
      0.0055189999560355816
    ],
    "rmse_total": 29.23613207168417,
    "bad_total": 0.9999975086829725,
    "bad_element_rate": 0.43140302670594155
  },
  "metrics_corrected_lsb": {
    "mae_per_dim": [
      14.108593689225845,
      6.623957203611809,
      4.309960815944137,
      2.345796593733764,
      10.55366746720676,
      1.591532603349685
    ],
    "rmse_per_dim": [
      22.12955886994104,
      19.618184661439653,
      19.4928582935278,
      27.10642370838386,
      36.566941986448434,
      42.45052401256015
    ]
  },
  "metrics_corrected_physical": {
    "labels": [
      "ax(g)",
      "ay(g)",
      "az(g)",
      "gx(°/s)",
      "gy(°/s)",
      "gz(°/s)"
    ],
    "mae_per_dim": [
      0.006888961762317307,
      0.0032343541033260786,
      0.0021044730546602233,
      0.14661228710836025,
      0.6596042167004225,
      0.09947078770935532
    ],
    "rmse_per_dim": [
      0.010805448666963398,
      0.00957919172921858,
      0.00951799721363662,
      1.6941514817739913,
      2.285433874153027,
      2.6531577507850095
    ]
  },
  "delta_physical": {
    "labels": [
      "ax(g)",
      "ay(g)",
      "az(g)",
      "gx(°/s)",
      "gy(°/s)",
      "gz(°/s)"
    ],
    "mae_per_dim": [
      0.006888961762317307,
      0.0032343541033260786,
      0.0021044730546602233,
      0.14661228710836025,
      0.6596042167004225,
      0.09947078770935532
    ],
    "rmse_per_dim": [
      0.010805448666963398,
      0.00957919172921858,
      0.00951799721363662,
      1.6941514817739913,
      2.285433874153027,
      2.6531577507850095
    ],
    "bad_at_threshold_of_bad_x_lsb": {
      "thresholds_per_axis": [
        0.00244140625,
        0.00244140625,
        0.00244140625,
        0.3125,
        0.3125,
        0.3125
      ],
      "threshold_units": [
        "ax(g)",
        "ay(g)",
        "az(g)",
        "gx(°/s)",
        "gy(°/s)",
        "gz(°/s)"
      ],
      "bad_per_dim": [
        0.9999683456189458,
        0.558137667247974,
        0.29926183741958173,
        0.07233993288098832,
        0.6531913771121239,
        0.0055189999560355816
      ],
      "bad_total": 0.9999975086829725,
      "bad_element_rate": 0.43140302670594155,
      "coverage_per_dim": [
        3.1654381054266746e-05,
        0.441862332752026,
        0.7007381625804182,
        0.9276600671190117,
        0.34680862288787606,
        0.9944810000439644
      ],
      "note": "与 delta_lsb 中 bad/coverage 数值等价，仅把阈值写成 g 与 °/s；例如 bad_x=5 LSB 对应加计 |e|<5/2048 g、陀螺 |e|<5/16 °/s。"
    },
    "note": "δ_pred−δ_true 经 acc_scale/gyro_scale 换算；与 metrics_corrected_physical 数值相同。"
  },
  "eps_physical_hint": {
    "per_axis_if_uniform_eps_lsb": {
      "acc_axes_g": 0.00244140625,
      "gyro_axes_dps": 0.3125
    },
    "note": "将同一 eps(LSB) 换算为加计/陀螺各自物理量纲；bad_x 同理除以对应 scale。"
  },
  "coverage_per_dim": [
    3.1654381054266746e-05,
    0.441862332752026,
    0.7007381625804182,
    0.9276600671190117,
    0.34680862288787606,
    0.9944810000439644
  ],
  "branch_mean_abs": {
    "physics": 21.451038360595703,
    "hysteresis": 0.0,
    "residual": 7.870974540710449
  },
  "note": "PINN v3: acc/gyro/temp 标度见 sensor_scales；delta_lsb 中 bad/coverage 在 LSB；delta_physical.bad_at_threshold_of_bad_x_lsb 为同一判据在物理阈值下的复述（比例应与 delta_lsb 一致）。"
}