{
  "model_path": "outputs_pinn/dde_ckpt-147070.pt",
  "split_type": "split_meta test=5.txt",
  "test_data_path": "/home/leiyilin/IMU_data/5.txt",
  "N_used": -1,
  "N_test": 6823700,
  "eps": 5.0,
  "bad_x": 5.0,
  "sensor_scales": {
    "acc": 2048.0,
    "gyro": 16.0
  },
  "delta_lsb": {
    "axis_labels": [
      "ax",
      "ay",
      "az",
      "gx",
      "gy",
      "gz"
    ],
    "rmse_per_dim": [
      16.854994380122726,
      17.90629346596206,
      18.47343867535227,
      26.771553437643245,
      33.01444059407604,
      41.83587493448574
    ],
    "bad_per_dim": [
      0.002616469071031845,
      9.906648885502e-05,
      0.0001295484854257954,
      0.0001187039289535003,
      0.20977841933262012,
      0.009275612937262775
    ],
    "rmse_total": 27.39496276833649,
    "bad_total": 0.2183450327534915,
    "bad_element_rate": 0.03700297004069151
  },
  "metrics_corrected_lsb": {
    "mae_per_dim": [
      1.994407018492139,
      0.8293811879811464,
      0.8138337540211791,
      0.8024259996473683,
      2.798060519447384,
      1.592698009532106
    ],
    "rmse_per_dim": [
      16.854994380122726,
      17.90629346596206,
      18.47343867535227,
      26.771553437643245,
      33.01444059407604,
      41.83587493448574
    ]
  },
  "metrics_corrected_physical": {
    "labels": [
      "ax(g)",
      "ay(g)",
      "az(g)",
      "gx(°/s)",
      "gy(°/s)",
      "gz(°/s)"
    ],
    "mae_per_dim": [
      0.0009738315519981147,
      0.0004049712831939191,
      0.00039737976270565385,
      0.05015162497796052,
      0.1748787824654615,
      0.09954362559575662
    ],
    "rmse_per_dim": [
      0.0082299777246693,
      0.008743307356426788,
      0.00902023372819935,
      1.6732220898527028,
      2.0634025371297526,
      2.6147421834053586
    ]
  },
  "delta_physical": {
    "labels": [
      "ax(g)",
      "ay(g)",
      "az(g)",
      "gx(°/s)",
      "gy(°/s)",
      "gz(°/s)"
    ],
    "mae_per_dim": [
      0.0009738315519981147,
      0.0004049712831939191,
      0.00039737976270565385,
      0.05015162497796052,
      0.1748787824654615,
      0.09954362559575662
    ],
    "rmse_per_dim": [
      0.0082299777246693,
      0.008743307356426788,
      0.00902023372819935,
      1.6732220898527028,
      2.0634025371297526,
      2.6147421834053586
    ],
    "bad_at_threshold_of_bad_x_lsb": {
      "thresholds_per_axis": [
        0.00244140625,
        0.00244140625,
        0.00244140625,
        0.3125,
        0.3125,
        0.3125
      ],
      "threshold_units": [
        "ax(g)",
        "ay(g)",
        "az(g)",
        "gx(°/s)",
        "gy(°/s)",
        "gz(°/s)"
      ],
      "bad_per_dim": [
        0.002616469071031845,
        9.906648885502e-05,
        0.0001295484854257954,
        0.0001187039289535003,
        0.20977841933262012,
        0.009275612937262775
      ],
      "bad_total": 0.2183450327534915,
      "bad_element_rate": 0.03700297004069151,
      "coverage_per_dim": [
        0.9973835309289681,
        0.999900933511145,
        0.9998704515145742,
        0.9998812960710465,
        0.7902215806673799,
        0.9907243870627372
      ],
      "note": "与 delta_lsb 中 bad/coverage 数值等价，仅把阈值写成 g 与 °/s；例如 bad_x=5 LSB 对应加计 |e|<5/2048 g、陀螺 |e|<5/16 °/s。"
    },
    "note": "δ_pred−δ_true 经 acc_scale/gyro_scale 换算；与 metrics_corrected_physical 数值相同。"
  },
  "eps_physical_hint": {
    "per_axis_if_uniform_eps_lsb": {
      "acc_axes_g": 0.00244140625,
      "gyro_axes_dps": 0.3125
    },
    "note": "将同一 eps(LSB) 换算为加计/陀螺各自物理量纲；bad_x 同理除以对应 scale。"
  },
  "coverage_per_dim": [
    0.9973835309289681,
    0.999900933511145,
    0.9998704515145742,
    0.9998812960710465,
    0.7902215806673799,
    0.9907243870627372
  ],
  "branch_mean_abs": {
    "physics": 13.396090507507324,
    "hysteresis": 0.7908039689064026,
    "residual": 17.3411922454834
  },
  "note": "PINN v3: acc/gyro/temp 标度见 sensor_scales；delta_lsb 中 bad/coverage 在 LSB；delta_physical.bad_at_threshold_of_bad_x_lsb 为同一判据在物理阈值下的复述（比例应与 delta_lsb 一致）。"
}