{
  "model_path": "outputs_pinn/sparse_kernel_model.json",
  "split_type": "split_meta test=5.txt",
  "test_data_path": "/home/leiyilin/IMU_data/5.txt",
  "input_dim": 8,
  "use_dTdt": true,
  "N_used": -1,
  "eps": 5.0,
  "bad_x": 5.0,
  "metrics_corrected_lsb": {
    "mae_per_dim": [
      3.8485747100625516,
      1.185224281218402,
      3.332728916618717,
      1.352315929571152,
      1.5838925339247352,
      1.6516419443143613
    ],
    "rmse_per_dim": [
      17.467196251468724,
      18.014035654101406,
      19.021099138201947,
      27.001986283412126,
      33.03310524138162,
      42.49309119296161
    ]
  },
  "coverage_per_dim": [
    0.6945069390506616,
    0.9994489792927591,
    0.7674069786186379,
    0.9979997655231033,
    0.9905212714509724,
    0.9922193238272492
  ],
  "delta_lsb": {
    "axis_labels": [
      "ax",
      "ay",
      "az",
      "gx",
      "gy",
      "gz"
    ],
    "rmse_per_dim": [
      17.467196251468724,
      18.014035654101406,
      19.021099138201947,
      27.001986283412126,
      33.03310524138162,
      42.49309119296161
    ],
    "bad_per_dim": [
      0.3054930609493383,
      0.0005510207072409397,
      0.232593021381362,
      0.0020002344768966984,
      0.009478728549027654,
      0.007780676172750854
    ],
    "rmse_total": 27.740964721661648,
    "bad_total": 0.32715462285856645,
    "bad_element_rate": 0.09298279037276942
  },
  "N_test": 6823700
}