{"input_dim": 8, "output_dim": 6, "sigma": 1.4790424384788845, "x_mean": [-10.59496193962527, 16.88606094279166, 2023.2800767532185, 4.362363216934075, -58.73927029606665, -0.7536955644954232, 4369.17114670277, 0.0011447179975386215], "x_std": [29.96827530128847, 21.230952084260743, 29.01455333227704, 31.09607949770124, 27.909113451863895, 38.30501982408344, 10470.102186876022, 63.466954856470565], "y_mean": [10.59496193962527, -16.88606094279166, 24.719923246781413, -4.362363216934075, 58.73927029606665, 0.7536955644954232], "y_std": [29.96827530128847, 21.230952084260743, 29.01455333227704, 31.09607949770124, 27.909113451863895, 38.30501982408344], "Z_scaled": [[-1.3816289941314888, 0.6176802154308553, -0.8368240749792383, 0.14913895442699648, 0.13398026069570204, -0.13696127712760192, -1.3933169787959312, -1.8036441170485992e-05], [-0.5140448659623865, -0.6540479620358565, -0.6300312999436377, 0.0848221649054155, -0.152664458915258, -0.16306751606423528, -0.9303797587489695, -1.8036441170485992e-05], [-1.0479427909895263, 0.8060843898703681, -1.2848750875563728, 0.14913895442699648, 0.45645557025803213, -0.006430082444435084, -1.326268922581166, -1.8036441170485992e-05], [-0.8810996894185451, 0.6647812590407335, -1.0780823125207724, 0.18129734918778695, 0.45645557025803213, -0.03253632138106845, -0.9358238316894846, -1.8036441170485992e-05], [-0.6808879675333677, 0.14666977933207315, -0.5611003749317709, 0.0848221649054155, -0.009342099109777978, -0.16306751606423528, -1.3872998455458883, -1.8036441170485992e-05], [0.5537509840918933, -0.9366542236951257, 0.43839803774029845, -0.1402865984201179, -0.22432563881799802, 0.04578239542883165, 0.9151609680856584, -1.8036441170485992e-05], [-0.7476252081617601, 0.052467692112316715, -0.492169449919904, 0.02050537538383453, -0.045172689061147984, -0.08474879925433518, -1.3838614836887206, -1.8036441170485992e-05], [-0.01351556124944287, -0.23013856954695258, -0.04411843734276952, -0.1402865984201179, -0.116833868963888, -0.006430082444435084, -0.07690193775873833, -1.8036441170485992e-05], [-0.5807821065907789, 0.2879729101617078, -0.733427687461438, 0.0848221649054155, 0.3489638004039221, -0.11085503819096855, -0.43888503327720024, -1.8036441170485992e-05], [1.321229251318407, 1.3712969131889068, 1.1966382128708337, -0.10812820365932742, -0.22432563881799802, 0.019676156492198282, 0.942667862942998, -1.8036441170485992e-05], [-0.04688418156363911, 0.2879729101617078, 0.3694671127284316, 0.02050537538383453, 0.026488490841592032, 0.04578239542883165, 0.5356040230750074, -1.8036441170485992e-05], [0.7205940856628745, 0.09956873572219492, 0.47286350024623186, -0.04381141413774644, -0.081003279012518, 0.019676156492198282, 0.7455351164653977, -1.8036441170485992e-05]], "W": [[3.2840189315597526, -0.0933026948158393, 0.18761695618358656, -1.862770464964505, 1.4412477386544507, 1.6135859575171707], [2.1589364886774187, 2.350947781685991, 2.0518768379628174, -1.992286220275041, 0.5613118284276574, 1.0335204740305697], [0.25761478591565234, 2.0151500073320268, 9.782747658565842, 3.845424116367933, -8.505858980890409, 0.5592882358101956], [0.3588794526484386, -5.4135524673930995, -13.322908288549154, -3.9252362836461883, 11.572252357975037, -3.206273275608946], [-9.092088927370916, -5.369302680465208, 5.682568474927571, -9.950682039694316, 3.804292178249506, 9.375106715436708], [-0.5329276794551306, 1.6972952097492233, -0.9094336124464051, 0.13742534007953996, 0.05289944172096113, -0.14960377157887117], [6.007012424083111, 4.525257660891996, -8.06878677028033, 11.382303321933453, -3.259498006872751, -10.305313273528885], [-1.5709978283817225, -3.0437757006533923, -2.256618286504745, 0.6664945971435734, 2.0531514657222227, -0.36037715288433253], [-1.5106668723700132, 4.2467479273248205, 7.418346237756115, 2.3728962550635075, -8.127530372272368, 1.4702686851208564], [-1.6013835881588807, -1.6006580175284604, -1.6129180392270939, 0.23723012548804062, 0.3512196671022063, -0.13694503943804642], [3.9231692958756703, -1.2231268771546415, -0.7760237822928334, -0.7872871691639367, 1.0177159832779448, -0.0820328031013792], [-1.529591935397951, 1.4432674956842608, 1.910753836229298, -0.09768826856116142, -1.1436659080546467, 0.18176098762466944]], "M": 12, "lam": 0.001, "train_split_type": "yaml+explicit ['1.txt', '2.txt', '3.txt', '4.txt']", "use_dTdt": true, "config_path": "/home/leiyilin/PINN-IMU-Optimization/config/pinn_train.yaml", "seed": 0, "N_train": 21518837}